{
    "$schema": "https://schema.management.azure.com/schemas/2015-01-01/deploymentParameters.json#",
    "contentVersion": "1.0.0.0",
    "parameters": {
        "factoryName": {
            "value": "adf-azure-netflix-project"
        },
        "dataFactory_properties_globalConfigurations_PipelineBillingEnabled": {
            "value": "true"
        },
        "dataFactory_location": {
            "value": "eastus"
        },
        "dataFactory_identity_type": {
            "value": "SystemAssigned"
        }
    }
}