{
    "$schema": "http://schema.management.azure.com/schemas/2015-01-01/deploymentTemplate.json#",
    "contentVersion": "1.0.0.0",
    "parameters": {
        "factoryName": {
            "type": "string",
            "metadata": "Data Factory name",
            "defaultValue": "adf-azure-netflix-project"
        },
        "dataFactory_properties_globalConfigurations_PipelineBillingEnabled": {
            "type": "string",
            "defaultValue": "true"
        },
        "dataFactory_location": {
            "type": "string",
            "defaultValue": "eastus"
        },
        "dataFactory_identity_type": {
            "type": "string",
            "defaultValue": "SystemAssigned"
        }
    },
    "variables": {
        "factoryId": "[concat('Microsoft.DataFactory/factories/', parameters('factoryName'))]"
    },
    "resources": [
        {
            "name": "[parameters('factoryName')]",
            "type": "Microsoft.DataFactory/factories",
            "apiVersion": "2018-06-01",
            "properties": {
                "globalConfigurations": {
                    "PipelineBillingEnabled": "[parameters('dataFactory_properties_globalConfigurations_PipelineBillingEnabled')]"
                }
            },
            "dependsOn": [],
            "location": "[parameters('dataFactory_location')]",
            "identity": {
                "type": "[parameters('dataFactory_identity_type')]",
                "principalId": "93489b65-3126-445e-be56-fc8c9dfc1450",
                "tenantId": "2e2e1c80-548f-4a7b-b2bd-4aacd20a7b00"
            }
        }
    ]
}