{
    "$schema": "https://schema.management.azure.com/schemas/2015-01-01/deploymentParameters.json#",
    "contentVersion": "1.0.0.0",
    "parameters": {
        "factoryName": {
            "value": "adf-azure-netflix-project"
        },
        "datalake_con_accountKey": {
            "value": ""
        },
        "github_con_properties_typeProperties_url": {
            "value": "https://raw.githubusercontent.com/"
        },
        "datalake_con_properties_typeProperties_url": {
            "value": "https://dlazurenetflixproject.dfs.core.windows.net/"
        },
        "containerUri": {
            "value": ""
        },
        "containerSasToken": {
            "value": ""
        }
    }
}