{
    "$schema": "http://schema.management.azure.com/schemas/2015-01-01/deploymentTemplate.json#",
    "contentVersion": "1.0.0.0",
    "parameters": {
        "factoryName": {
            "type": "string",
            "metadata": "Data Factory name",
            "defaultValue": "adf-azure-netflix-project"
        },
        "datalake_con_accountKey": {
            "type": "secureString",
            "metadata": "Secure string for 'accountKey' of 'datalake_con'"
        },
        "github_con_properties_typeProperties_url": {
            "type": "string",
            "defaultValue": "https://raw.githubusercontent.com/"
        },
        "datalake_con_properties_typeProperties_url": {
            "type": "string",
            "defaultValue": "https://dlazurenetflixproject.dfs.core.windows.net/"
        }
    },
    "variables": {
        "factoryId": "[concat('Microsoft.DataFactory/factories/', parameters('factoryName'))]"
    },
    "resources": [
        {
            "name": "[concat(parameters('factoryName'), '/github_con')]",
            "type": "Microsoft.DataFactory/factories/linkedServices",
            "apiVersion": "2018-06-01",
            "properties": {
                "annotations": [],
                "type": "HttpServer",
                "typeProperties": {
                    "url": "[parameters('github_con_properties_typeProperties_url')]",
                    "enableServerCertificateValidation": true,
                    "authenticationType": "Anonymous"
                }
            },
            "dependsOn": []
        },
        {
            "name": "[concat(parameters('factoryName'), '/datalake_con')]",
            "type": "Microsoft.DataFactory/factories/linkedServices",
            "apiVersion": "2018-06-01",
            "properties": {
                "annotations": [],
                "type": "AzureBlobFS",
                "typeProperties": {
                    "url": "[parameters('datalake_con_properties_typeProperties_url')]",
                    "accountKey": {
                        "type": "SecureString",
                        "value": "[parameters('datalake_con_accountKey')]"
                    }
                }
            },
            "dependsOn": []
        },
        {
            "name": "[concat(parameters('factoryName'), '/ds_github')]",
            "type": "Microsoft.DataFactory/factories/datasets",
            "apiVersion": "2018-06-01",
            "properties": {
                "linkedServiceName": {
                    "referenceName": "github_con",
                    "type": "LinkedServiceReference"
                },
                "parameters": {
                    "file_name": {
                        "type": "string"
                    }
                },
                "annotations": [],
                "type": "DelimitedText",
                "typeProperties": {
                    "location": {
                        "type": "HttpServerLocation",
                        "relativeUrl": {
                            "value": "Pratikshaacharya/Netflix_Azure_DataEngineering_Project/refs/heads/main/DATA/@{dataset().file_name}",
                            "type": "Expression"
                        }
                    },
                    "columnDelimiter": ",",
                    "escapeChar": "\\",
                    "firstRowAsHeader": true,
                    "quoteChar": "\""
                },
                "schema": []
            },
            "dependsOn": [
                "[concat(variables('factoryId'), '/linkedServices/github_con')]"
            ]
        },
        {
            "name": "[concat(parameters('factoryName'), '/ds_datalake')]",
            "type": "Microsoft.DataFactory/factories/datasets",
            "apiVersion": "2018-06-01",
            "properties": {
                "linkedServiceName": {
                    "referenceName": "datalake_con",
                    "type": "LinkedServiceReference"
                },
                "parameters": {
                    "folder_name": {
                        "type": "string"
                    },
                    "file_name": {
                        "type": "string"
                    }
                },
                "annotations": [],
                "type": "DelimitedText",
                "typeProperties": {
                    "location": {
                        "type": "AzureBlobFSLocation",
                        "fileName": {
                            "value": "@dataset().file_name",
                            "type": "Expression"
                        },
                        "folderPath": {
                            "value": "@dataset().folder_name",
                            "type": "Expression"
                        },
                        "fileSystem": "bronze"
                    },
                    "columnDelimiter": ",",
                    "escapeChar": "\\",
                    "firstRowAsHeader": true,
                    "quoteChar": "\""
                },
                "schema": []
            },
            "dependsOn": [
                "[concat(variables('factoryId'), '/linkedServices/datalake_con')]"
            ]
        },
        {
            "name": "[concat(parameters('factoryName'), '/ds_validation')]",
            "type": "Microsoft.DataFactory/factories/datasets",
            "apiVersion": "2018-06-01",
            "properties": {
                "linkedServiceName": {
                    "referenceName": "datalake_con",
                    "type": "LinkedServiceReference"
                },
                "annotations": [],
                "type": "DelimitedText",
                "typeProperties": {
                    "location": {
                        "type": "AzureBlobFSLocation",
                        "fileName": "netflix_titles.csv",
                        "fileSystem": "raw"
                    },
                    "columnDelimiter": ",",
                    "escapeChar": "\\",
                    "firstRowAsHeader": true,
                    "quoteChar": "\""
                },
                "schema": [
                    {
                        "name": "duration_minutes",
                        "type": "String"
                    },
                    {
                        "name": "duration_seasons",
                        "type": "String"
                    },
                    {
                        "name": "type",
                        "type": "String"
                    },
                    {
                        "name": "title",
                        "type": "String"
                    },
                    {
                        "name": "date_added",
                        "type": "String"
                    },
                    {
                        "name": "release_year",
                        "type": "String"
                    },
                    {
                        "name": "rating",
                        "type": "String"
                    },
                    {
                        "name": "description",
                        "type": "String"
                    },
                    {
                        "name": "show_id",
                        "type": "String"
                    }
                ]
            },
            "dependsOn": [
                "[concat(variables('factoryId'), '/linkedServices/datalake_con')]"
            ]
        },
        {
            "name": "[concat(parameters('factoryName'), '/pipeline_github_to_dl')]",
            "type": "Microsoft.DataFactory/factories/pipelines",
            "apiVersion": "2018-06-01",
            "properties": {
                "activities": [
                    {
                        "name": "For all the files",
                        "type": "ForEach",
                        "dependsOn": [
                            {
                                "activity": "Validation if netflix file is there in raw_copy1",
                                "dependencyConditions": [
                                    "Succeeded"
                                ]
                            }
                        ],
                        "userProperties": [],
                        "typeProperties": {
                            "items": {
                                "value": "@pipeline().parameters.p_array",
                                "type": "Expression"
                            },
                            "activities": [
                                {
                                    "name": "Copy data from github",
                                    "type": "Copy",
                                    "dependsOn": [],
                                    "policy": {
                                        "timeout": "0.12:00:00",
                                        "retry": 0,
                                        "retryIntervalInSeconds": 30,
                                        "secureOutput": false,
                                        "secureInput": false
                                    },
                                    "userProperties": [],
                                    "typeProperties": {
                                        "source": {
                                            "type": "DelimitedTextSource",
                                            "storeSettings": {
                                                "type": "HttpReadSettings",
                                                "requestMethod": "GET"
                                            },
                                            "formatSettings": {
                                                "type": "DelimitedTextReadSettings"
                                            }
                                        },
                                        "sink": {
                                            "type": "DelimitedTextSink",
                                            "storeSettings": {
                                                "type": "AzureBlobFSWriteSettings"
                                            },
                                            "formatSettings": {
                                                "type": "DelimitedTextWriteSettings",
                                                "quoteAllText": true,
                                                "fileExtension": ".txt"
                                            }
                                        },
                                        "enableStaging": false,
                                        "translator": {
                                            "type": "TabularTranslator",
                                            "typeConversion": true,
                                            "typeConversionSettings": {
                                                "allowDataTruncation": true,
                                                "treatBooleanAsNumber": false
                                            }
                                        }
                                    },
                                    "inputs": [
                                        {
                                            "referenceName": "ds_github",
                                            "type": "DatasetReference",
                                            "parameters": {
                                                "file_name": {
                                                    "value": "@item().file_name",
                                                    "type": "Expression"
                                                }
                                            }
                                        }
                                    ],
                                    "outputs": [
                                        {
                                            "referenceName": "ds_datalake",
                                            "type": "DatasetReference",
                                            "parameters": {
                                                "folder_name": {
                                                    "value": "@item().folder_name\n",
                                                    "type": "Expression"
                                                },
                                                "file_name": {
                                                    "value": "@item().file_name",
                                                    "type": "Expression"
                                                }
                                            }
                                        }
                                    ]
                                }
                            ]
                        }
                    },
                    {
                        "name": "Validation if netflix file is there in raw_copy1",
                        "type": "Validation",
                        "dependsOn": [
                            {
                                "activity": "Set variable1",
                                "dependencyConditions": [
                                    "Succeeded"
                                ]
                            }
                        ],
                        "userProperties": [],
                        "typeProperties": {
                            "dataset": {
                                "referenceName": "ds_validation",
                                "type": "DatasetReference",
                                "parameters": {}
                            },
                            "timeout": "0.12:00:00",
                            "sleep": 10
                        }
                    },
                    {
                        "name": "GitHub Metadata",
                        "type": "WebActivity",
                        "dependsOn": [],
                        "policy": {
                            "timeout": "0.12:00:00",
                            "retry": 0,
                            "retryIntervalInSeconds": 30,
                            "secureOutput": false,
                            "secureInput": false
                        },
                        "userProperties": [],
                        "typeProperties": {
                            "method": "GET",
                            "headers": {},
                            "url": "https://raw.githubusercontent.com/Pratikshaacharya/Netflix_Azure_DataEngineering_Project/refs/heads/main/DATA/netflix_cast.csv"
                        }
                    },
                    {
                        "name": "Set variable1",
                        "type": "SetVariable",
                        "dependsOn": [
                            {
                                "activity": "GitHub Metadata",
                                "dependencyConditions": [
                                    "Succeeded"
                                ]
                            }
                        ],
                        "policy": {
                            "secureOutput": false,
                            "secureInput": false
                        },
                        "userProperties": [],
                        "typeProperties": {
                            "variableName": "GitHubMetadata",
                            "value": {
                                "value": "@activity('GitHub Metadata').output.Response",
                                "type": "Expression"
                            }
                        }
                    }
                ],
                "policy": {
                    "elapsedTimeMetric": {}
                },
                "parameters": {
                    "p_array": {
                        "type": "array",
                        "defaultValue": [
                            {
                                "folder_name": "netflix_cast",
                                "file_name": "netflix_cast.csv"
                            },
                            {
                                "folder_name": "netflix_category",
                                "file_name": "netflix_category.csv"
                            },
                            {
                                "folder_name": "netflix_countries",
                                "file_name": "netflix_countries.csv"
                            },
                            {
                                "folder_name": "netflix_directors",
                                "file_name": "netflix_directors.csv"
                            }
                        ]
                    }
                },
                "variables": {
                    "GitHubMetadata": {
                        "type": "String"
                    }
                },
                "annotations": [],
                "lastPublishTime": "2025-03-22T18:06:41Z"
            },
            "dependsOn": [
                "[concat(variables('factoryId'), '/datasets/ds_validation')]",
                "[concat(variables('factoryId'), '/datasets/ds_github')]",
                "[concat(variables('factoryId'), '/datasets/ds_datalake')]"
            ]
        }
    ]
}